"title","start_time","end_time","description","exercise_title","superset_id","exercise_notes","set_index","set_type","weight_kg","reps","distance_km","duration_seconds","rpe"
"Morning workout ☀️","Apr 22, 2026, 7:43 AM","Apr 22, 2026, 8:30 AM","","Chest Press (Machine)",,"",0,"normal",55,10,,,
"Morning workout ☀️","Apr 22, 2026, 7:43 AM","Apr 22, 2026, 8:30 AM","","Chest Supported Incline Row (Dumbbell)",,"",0,"normal",40,10,,,
"Morning workout ☀️","Apr 22, 2026, 7:43 AM","Apr 22, 2026, 8:30 AM","","Lat Pulldown (Cable)",,"",0,"normal",55,10,,,
"Morning workout ☀️","Apr 22, 2026, 7:43 AM","Apr 22, 2026, 8:30 AM","","Leg Press (Machine)",,"",0,"normal",50,10,,,
"Morning workout ☀️","Apr 22, 2026, 7:43 AM","Apr 22, 2026, 8:30 AM","","Leg Press (Machine)",,"",1,"failure",90,11,,,
"Morning workout ☀️","Apr 22, 2026, 7:43 AM","Apr 22, 2026, 8:30 AM","","Deadlift (Smith Machine)",,"",0,"normal",45,10,,,
"Morning workout ☀️","Apr 22, 2026, 7:43 AM","Apr 22, 2026, 8:30 AM","","Seated Shoulder Press (Machine)",,"",0,"normal",50,10,,,
"Morning workout ☀️","Apr 22, 2026, 7:43 AM","Apr 22, 2026, 8:30 AM","","Preacher Curl (Machine)",,"",0,"normal",30,10,,,
"Morning workout ☀️","Apr 22, 2026, 7:43 AM","Apr 22, 2026, 8:30 AM","","Preacher Curl (Machine)",,"",1,"normal",30,5,,,
"Morning workout ☀️","Apr 22, 2026, 7:43 AM","Apr 22, 2026, 8:30 AM","","Triceps Pushdown",,"",0,"normal",30,10,,,
"Morning workout ☀️","Apr 22, 2026, 7:43 AM","Apr 22, 2026, 8:30 AM","","Leg Extension (Machine)",,"",0,"normal",45,10,,,
"Morning workout ☀️","Apr 22, 2026, 7:43 AM","Apr 22, 2026, 8:30 AM","","Lying Leg Curl (Machine)",,"",0,"normal",45,10,,,
"Rehabilitation","Apr 22, 2026, 7:27 AM","Apr 22, 2026, 7:42 AM","","Hip Thrust (Smith Machine)",,"",0,"normal",50,10,,,
"Rehabilitation","Apr 22, 2026, 7:27 AM","Apr 22, 2026, 7:42 AM","","Back Extension (Hyperextension)",,"",0,"normal",,10,,,
"Rehabilitation","Apr 22, 2026, 7:27 AM","Apr 22, 2026, 7:42 AM","","Wall Sit",,"",0,"normal",,,,60,
"Rehabilitation","Apr 22, 2026, 7:27 AM","Apr 22, 2026, 7:42 AM","","Hip Adduction (Machine)",,"Setting 3",0,"normal",45,10,,,
"Warm-up","Apr 22, 2026, 7:19 AM","Apr 22, 2026, 7:26 AM","","Treadmill",,"",0,"normal",,,,420,
"Morning workout ☀️","Apr 20, 2026, 7:57 AM","Apr 20, 2026, 8:43 AM","","Chest Press (Machine)",,"",0,"normal",50,10,,0,
"Morning workout ☀️","Apr 20, 2026, 7:57 AM","Apr 20, 2026, 8:43 AM","","Chest Supported Incline Row (Dumbbell)",,"",0,"normal",30,10,,0,
"Morning workout ☀️","Apr 20, 2026, 7:57 AM","Apr 20, 2026, 8:43 AM","","Lat Pulldown (Cable)",,"",0,"normal",55,10,,0,
"Morning workout ☀️","Apr 20, 2026, 7:57 AM","Apr 20, 2026, 8:43 AM","","Leg Press (Machine)",,"",0,"normal",50,10,,0,
"Morning workout ☀️","Apr 20, 2026, 7:57 AM","Apr 20, 2026, 8:43 AM","","Leg Press (Machine)",,"",1,"failure",80,11,,0,
"Morning workout ☀️","Apr 20, 2026, 7:57 AM","Apr 20, 2026, 8:43 AM","","Deadlift (Smith Machine)",,"",0,"normal",40,10,,0,
"Morning workout ☀️","Apr 20, 2026, 7:57 AM","Apr 20, 2026, 8:43 AM","","Seated Shoulder Press (Machine)",,"",0,"normal",50,10,,0,
"Morning workout ☀️","Apr 20, 2026, 7:57 AM","Apr 20, 2026, 8:43 AM","","Preacher Curl (Machine)",,"",0,"normal",30,10,,0,
"Morning workout ☀️","Apr 20, 2026, 7:57 AM","Apr 20, 2026, 8:43 AM","","Preacher Curl (Machine)",,"",1,"normal",30,5,,0,
"Morning workout ☀️","Apr 20, 2026, 7:57 AM","Apr 20, 2026, 8:43 AM","","Triceps Pushdown",,"",0,"normal",30,10,,0,
"Morning workout ☀️","Apr 20, 2026, 7:57 AM","Apr 20, 2026, 8:43 AM","","Leg Extension (Machine)",,"",0,"normal",40,10,,0,
"Morning workout ☀️","Apr 20, 2026, 7:57 AM","Apr 20, 2026, 8:43 AM","","Lying Leg Curl (Machine)",,"",0,"normal",40,10,,0,
"Rehabilitation","Apr 20, 2026, 7:44 AM","Apr 20, 2026, 7:56 AM","","Hip Thrust (Smith Machine)",,"",0,"normal",40,10,,0,
"Rehabilitation","Apr 20, 2026, 7:44 AM","Apr 20, 2026, 7:56 AM","","Back Extension (Hyperextension)",,"",0,"normal",,10,,0,
"Rehabilitation","Apr 20, 2026, 7:44 AM","Apr 20, 2026, 7:56 AM","","Wall Sit",,"",0,"normal",,0,,51,
"Rehabilitation","Apr 20, 2026, 7:44 AM","Apr 20, 2026, 7:56 AM","","Hip Adduction (Machine)",,"",0,"normal",45,10,,0,
"Warm-up","Apr 20, 2026, 7:36 AM","Apr 20, 2026, 7:44 AM","","Elliptical Trainer",,"",0,"normal",,,,480,
"Morning workout ☀️","Apr 17, 2026, 7:41 AM","Apr 17, 2026, 8:26 AM","","Chest Press (Machine)",,"",0,"normal",40,10,,0,
"Morning workout ☀️","Apr 17, 2026, 7:41 AM","Apr 17, 2026, 8:26 AM","","Chest Supported Incline Row (Dumbbell)",,"",0,"normal",20,10,,0,
"Morning workout ☀️","Apr 17, 2026, 7:41 AM","Apr 17, 2026, 8:26 AM","","Lat Pulldown (Cable)",,"",0,"normal",50,10,,0,
"Morning workout ☀️","Apr 17, 2026, 7:41 AM","Apr 17, 2026, 8:26 AM","","Leg Press (Machine)",,"",0,"normal",40,10,,0,
"Morning workout ☀️","Apr 17, 2026, 7:41 AM","Apr 17, 2026, 8:26 AM","","Leg Press (Machine)",,"",1,"failure",80,9,,0,
"Morning workout ☀️","Apr 17, 2026, 7:41 AM","Apr 17, 2026, 8:26 AM","","Deadlift (Smith Machine)",,"",0,"normal",40,10,,0,
"Morning workout ☀️","Apr 17, 2026, 7:41 AM","Apr 17, 2026, 8:26 AM","","Seated Shoulder Press (Machine)",,"",0,"normal",40,10,,0,
"Morning workout ☀️","Apr 17, 2026, 7:41 AM","Apr 17, 2026, 8:26 AM","","Preacher Curl (Machine)",,"",0,"normal",30,10,,0,
"Morning workout ☀️","Apr 17, 2026, 7:41 AM","Apr 17, 2026, 8:26 AM","","Preacher Curl (Machine)",,"",1,"normal",30,5,,0,
"Morning workout ☀️","Apr 17, 2026, 7:41 AM","Apr 17, 2026, 8:26 AM","","Triceps Pushdown",,"",0,"normal",32.5,10,,0,
"Morning workout ☀️","Apr 17, 2026, 7:41 AM","Apr 17, 2026, 8:26 AM","","Leg Extension (Machine)",,"",0,"normal",40,10,,0,
"Morning workout ☀️","Apr 17, 2026, 7:41 AM","Apr 17, 2026, 8:26 AM","","Lying Leg Curl (Machine)",,"",0,"normal",40,10,,0,
"Rehabilitation","Apr 17, 2026, 7:24 AM","Apr 17, 2026, 7:41 AM","","Hip Thrust (Smith Machine)",,"",0,"normal",40,10,,0,
"Rehabilitation","Apr 17, 2026, 7:24 AM","Apr 17, 2026, 7:41 AM","","Back Extension (Hyperextension)",,"",0,"normal",,10,,0,
"Rehabilitation","Apr 17, 2026, 7:24 AM","Apr 17, 2026, 7:41 AM","","Wall Sit",,"",0,"normal",,0,,45,
"Rehabilitation","Apr 17, 2026, 7:24 AM","Apr 17, 2026, 7:41 AM","","Hip Adduction (Machine)",,"",0,"normal",45,10,,0,
"Morning workout ☀️","Apr 14, 2026, 1:00 PM","Apr 14, 2026, 1:17 PM","","Chest Press (Machine)",,"",0,"normal",,10,,,
"Morning workout ☀️","Apr 14, 2026, 1:00 PM","Apr 14, 2026, 1:17 PM","","Chest Supported Incline Row (Dumbbell)",,"",0,"normal",20,10,,,
"Morning workout ☀️","Apr 14, 2026, 1:00 PM","Apr 14, 2026, 1:17 PM","","Lat Pulldown (Cable)",,"",0,"normal",45,10,,,
"Morning workout ☀️","Apr 14, 2026, 1:00 PM","Apr 14, 2026, 1:17 PM","","Leg Press (Machine)",,"",0,"normal",40,10,,,
"Morning workout ☀️","Apr 14, 2026, 1:00 PM","Apr 14, 2026, 1:17 PM","","Leg Press (Machine)",,"",1,"failure",80,0,,,
"Morning workout ☀️","Apr 14, 2026, 1:00 PM","Apr 14, 2026, 1:17 PM","","Deadlift (Smith Machine)",,"",0,"normal",40,10,,,
"Morning workout ☀️","Apr 14, 2026, 1:00 PM","Apr 14, 2026, 1:17 PM","","Seated Shoulder Press (Machine)",,"",0,"normal",40,10,,,
"Morning workout ☀️","Apr 14, 2026, 1:00 PM","Apr 14, 2026, 1:17 PM","","Preacher Curl (Machine)",,"",0,"normal",30,10,,,
"Morning workout ☀️","Apr 14, 2026, 1:00 PM","Apr 14, 2026, 1:17 PM","","Triceps Pushdown",,"",0,"normal",45,10,,,
"Morning workout ☀️","Apr 14, 2026, 1:00 PM","Apr 14, 2026, 1:17 PM","","Leg Extension (Machine)",,"",0,"normal",40,10,,,
"Morning workout ☀️","Apr 14, 2026, 1:00 PM","Apr 14, 2026, 1:17 PM","","Seated Leg Curl (Machine)",,"",0,"normal",40,10,,,